{
  "editorModes": {
    "simple": {
      "modules": {
        "toolbar": [
          ["bold", "italic", "underline"],
          [{ "list": "ordered" }, { "list": "bullet" }],
          ["image"]
        ]
      },
      "theme": "snow",
      "placeholder": "Include all the information someone would need to answer your question or understand your post",
      "height": "200px"
    },
    "professional": {
      "modules": {
        "toolbar": [
          [{ "header": [1, 2, 3, 4, 5, 6, false] }],
          ["bold", "italic", "underline", "strike"],
          [{ "color": [] }, { "background": [] }],
          [{ "list": "ordered" }, { "list": "bullet" }, { "indent": "-1" }, { "indent": "+1" }],
          [{ "align": [] }],
          ["blockquote", "code-block"],
          ["image", "video"],
          ["clean"]
        ]
      },
      "theme": "snow",
      "placeholder": "Include all the information someone would need to answer your question or understand your post",
      "height": "300px"
    }
  },
  "defaultMode": "simple",
  "icons": {
    "bold": "<svg xmlns='http://www.w3.org/2000/svg' viewBox='0 0 24 24' width='18' height='18' fill='none' stroke='currentColor' stroke-width='2'><path d='M6 4h8a4 4 0 0 1 4 4 4 4 0 0 1-4 4H6z'></path><path d='M6 12h9a4 4 0 0 1 4 4 4 4 0 0 1-4 4H6z'></path></svg>",
    "italic": "<svg xmlns='http://www.w3.org/2000/svg' viewBox='0 0 24 24' width='18' height='18' fill='none' stroke='currentColor' stroke-width='2'><line x1='19' y1='4' x2='10' y2='4'></line><line x1='14' y1='20' x2='5' y2='20'></line><line x1='15' y1='4' x2='9' y2='20'></line></svg>",
    "underline": "<svg xmlns='http://www.w3.org/2000/svg' viewBox='0 0 24 24' width='18' height='18' fill='none' stroke='currentColor' stroke-width='2'><path d='M6 3v7a6 6 0 0 0 6 6 6 6 0 0 0 6-6V3'></path><line x1='4' y1='21' x2='20' y2='21'></line></svg>",
    "strike": "<svg xmlns='http://www.w3.org/2000/svg' viewBox='0 0 24 24' width='18' height='18' fill='none' stroke='currentColor' stroke-width='2'><path d='M17.3 5H6.7a3.7 3.7 0 0 0 0 7.4h10.6a3.7 3.7 0 0 1 0 7.4H6.7M12 3v18M3 12h18'></path></svg>",
    "image": "<svg xmlns='http://www.w3.org/2000/svg' viewBox='0 0 24 24' width='18' height='18' fill='none' stroke='currentColor' stroke-width='2'><rect x='3' y='3' width='18' height='18' rx='2' ry='2'></rect><circle cx='8.5' cy='8.5' r='1.5'></circle><polyline points='21 15 16 10 5 21'></polyline></svg>",
    "video": "<svg xmlns='http://www.w3.org/2000/svg' viewBox='0 0 24 24' width='18' height='18' fill='none' stroke='currentColor' stroke-width='2'><rect x='2' y='2' width='20' height='20' rx='2.18' ry='2.18'></rect><line x1='10' y1='8' x2='10' y2='16'></line><line x1='14' y1='8' x2='14' y2='16'></line></svg>"
  }
} 