{
    "component": "User/ExamScreen",
    "props": {
      "jetstream": {
        "canCreateTeams": false,
        "canManageTwoFactorAuthentication": true,
        "canUpdatePassword": true,
        "canUpdateProfileInformation": true,
        "flash": [],
        "hasAccountDeletionFeatures": false,
        "hasApiFeatures": false,
        "hasTeamFeatures": false,
        "hasTermsAndPrivacyPolicyFeature": false,
        "managesProfilePhotos": true
      },
      "user": {
        "id": 1562,
        "first_name": "ABYAN AZHRA PRADITYA",
        "last_name": "XI - 6",
        "user_name": "16656",
        "email": "16656@sman16sby.sch.id",
        "preferences": null,
        "email_verified_at": "2025-01-25T15:45:08.000000Z",
        "mobile": null,
        "mobile_verified_at": null,
        "verification_code_expires_at": null,
        "current_team_id": null,
        "profile_photo_path": null,
        "is_active": true,
        "created_at": "2025-01-25T15:45:43.000000Z",
        "updated_at": "2025-03-09T11:15:24.000000Z",
        "deleted_at": null,
        "profile_photo_url": "https://ui-avatars.com/api/?name=&color=7F9CF5&background=EBF4FF",
        "role_id": "student",
        "wallet_balance": "0",
        "roles": [
          {
            "id": 3,
            "name": "student",
            "guard_name": "web",
            "created_at": "2024-09-13T11:33:57.000000Z",
            "updated_at": "2024-09-13T11:33:57.000000Z",
            "pivot": {
              "model_id": 1562,
              "role_id": 3,
              "model_type": "App\\Models\\User"
            }
          }
        ],
        "wallet": {
          "id": 1492,
          "holder_type": "App\\Models\\User",
          "holder_id": 1562,
          "name": "Default Wallet",
          "slug": "default",
          "description": null,
          "meta": [],
          "balance": "0",
          "decimal_places": 2,
          "created_at": "2025-02-17T03:15:13.000000Z",
          "updated_at": "2025-02-17T03:15:13.000000Z"
        },
        "two_factor_enabled": false
      },
      "errorBags": [],
      "errors": {},
      "general": {
        "app_name": "SmartClass",
        "tag_line": "Everything You Need For Your Exam Preparation.",
        "seo_description": "SmartClass is an online test examination software and assessment tool that assists educational institutions,corporate companies to create and conduct web and mobile based exams.",
        "logo_path": "site/logo.png",
        "white_logo_path": "site/logo.png",
        "favicon_path": "site/favicon.png",
        "can_register": false
      },
      "canLogin": true,
      "canResetPassword": true,
      "isDemo": false,
      "appUrl": "https://sman16sby.connecting.my.id/",
      "assetUrl": "https://sman16sby.connecting.my.id/storage/",
      "successMessage": null,
      "errorMessage": null,
      "csrf_token": "9y5o5SkeBvmFNbbk1daXwoOsKCGKCZrpbdqucj4e",
      "isMobile": true,
      "currentCategory": {
        "id": "4",
        "name": "Kelas 11"
      },
      "rtl": false,
      "locale": "id",
      "translations": {
        "New :name": "New :name",
        "Edit :name": "Edit :nama",
        "Save :name": "Simpan :nama",
        "Update :name": "Perbarui :nama",
        "Delete :name": "Hapus :nama",
        "Enable :name": "Aktifkan :nama",
        "Disable :name": "Nonaktifkan :nama",
        "Add :name": "Tambah :nama",
        "Remove :name": "Hapus :nama",
        "Settings :name": "Pengaturan :nama",
        "Points :value": ":points XP",
        "Enable TopBar": "Aktifkan Bilah Atas",
        "Enable Search": "Aktifkan Pencarian",
        "Enable Hero": "Aktifkan Hero",
        "Enable Features": "Aktifkan Fitur",
        "Enable Categories": "Aktifkan Kategori",
        "Enable Stats": "Aktifkan Statistik",
        "Enable Testimonials": "Aktifkan Testimonial",
        "Enable CTA": "Aktifkan CTA",
        "Enable Footer": "Aktifkan Footer",
        "Update Details": "Perbarui Detail",
        "Save Details": "Simpan Detail",
        "Attachment": "Lampiran",
        "Option": "Pilihan",
        "Partial Weighting": "Pembobotan Parsial",
        "Correct Answer": "Jawaban Benar",
        "Add Option": "Tambah Pilihan",
        "Remove": "Hapus",
        "Note": "Catatan",
        "Sequence Item": "Item Urutan",
        "Add Sequence Item": "Tambah Item Urutan",
        "Add Pair": "Tambah Pasangan",
        "Pair": "Pasangan",
        "Exact Answer": "Jawaban Tepat",
        "Acceptable Answer": "Jawaban Diterima",
        "Options should not be empty": "Pilihan tidak boleh kosong",
        "Please specify correct answer": "Harap tentukan jawaban yang benar",
        "fib_instruction_note": "Bungkus kata atau kata-kata yang ingin Anda jadikan kosong dengan ##(DOUBLE HASH). Contoh: ##ITEM_KOSONG##. Sistem akan secara otomatis mengubahnya menjadi kotak kosong, dan pengguna akan diberikan kotak teks untuk mengisi jawabannya.",
        "pair_shuffle_note": "Masukkan pasangan dalam urutan yang benar. Pasangan akan secara otomatis diacak saat ditampilkan kepada pengguna.",
        "options_shuffle_note": "Masukkan item dalam urutan yang benar. Item akan secara otomatis diacak saat ditampilkan kepada pengguna.",
        "Top Bar Settings": "Pengaturan Bilah Atas",
        "Category Settings": "Pengaturan Kategori",
        "Statistics Settings": "Pengaturan Statistik",
        "Testimonial Settings": "Pengaturan Testimonial",
        "Footer Settings": "Pengaturan Footer",
        "Copyright Text": "Teks Hak Cipta",
        "Enable Footer Links": "Aktifkan Tautan Footer",
        "Link": "Tautan",
        "Link Text": "Teks Tautan",
        "Enable Social Links": "Aktifkan Tautan Sosial",
        "CTA Settings": "Pengaturan CTA",
        "Testimonial": "Testimonial",
        "Designation": "Jabatan",
        "Statistic": "Statistik",
        "Count": "Jumlah",
        "Item Limit": "Batas Item",
        "Message": "Pesan",
        "Button Text": "Teks Tombol",
        "Button Link": "Tautan Tombol",
        "Subtitle": "Subjudul",
        "CTA Text": "Teks CTA",
        "CTA Link": "Tautan CTA",
        "Image": "Gambar",
        "Feature Settings": "Pengaturan Fitur",
        "Caption": "Keterangan",
        "Description": "Deskripsi",
        "Icon URL": "URL Ikon",
        "Feature": "Fitur",
        "Total Duration": "Durasi Total",
        "No. of Questions": "Jumlah Pertanyaan",
        "Total Marks": "Total Nilai",
        "Instructions": "Instruksi",
        "Standard Instructions": "Instruksi Standar",
        "Start Test": "Mulai Tes",
        "Resume Test": "Lanjutkan Tes",
        "No Description": "Tidak Ada Deskripsi",
        "Points": "Poin",
        "Score": "Skor",
        "Accuracy": "Akurasi",
        "Correct": "Benar",
        "Wrong": "Salah",
        "Unanswered": "Tidak Dijawab",
        "Other": "Lainnya",
        "Avg. Speed": "Kecepatan Rata-rata",
        "Solutions": "Solusi",
        "Points Earned": "Poin yang Diperoleh",
        "No Points": "Tidak Ada Poin",
        "Page": "Halaman",
        "Finish": "Selesai",
        "Close": "Tutup",
        "Pause": "Jeda",
        "Next": "Berikutnya",
        "Previous": "Sebelumnya",
        "Submit": "Kirim",
        "Attempted": "Dikerjakan",
        "Confirmation": "Konfirmasi",
        "Results": "Hasil",
        "Download Score Report": "Unduh Laporan Skor",
        "Min.": "Min.",
        "Total Scored Marks": "Total Nilai yang Diperoleh",
        "Marks Earned": "Nilai yang Diperoleh",
        "Negative Marks": "Nilai Negatif",
        "Speed": "Kecepatan",
        "Spent": "Dihabiskan",
        "Profile Information": "Informasi Profil",
        "Update Password": "Perbarui Kata Sandi",
        "Two Factor Authentication": "Otentikasi Dua Faktor",
        "Browser Sessions": "Sesi Peramban",
        "In-progress Quizzes": "Kuis yang Sedang Berjalan",
        "No Sessions Found": "Tidak Ada Sesi Ditemukan",
        "My Quiz Attempts": "History Quiz",
        "My Practice Sessions": "History Sesi Latihan",
        "Total Points Earned": "Total Poin yang Diperoleh",
        "View Analysis": "Lihat Analisis",
        "My Quizzes": "Kuis Saya",
        "Correct answer is Option": "Jawaban yang benar adalah Pilihan",
        "Correct answers are": "Jawaban yang benar adalah",
        "Correct answers are Options": "Jawaban yang benar adalah Pilihan",
        "Correct answers for the blanks are": "Jawaban yang benar untuk kosong adalah",
        "Acceptable answers are": "Jawaban yang dapat diterima adalah",
        "instructions_consent": "Saya telah membaca semua instruksi dengan cermat dan memahaminya.",
        "practice_pause_text": "Apakah Anda yakin ingin menjeda latihan?",
        "saq_hint": "Ketik jawaban Anda di kotak teks di bawah ini",
        "msa_hint": "Pilih satu dari opsi di bawah ini",
        "mma_hint": "Pilih beberapa dari opsi di bawah ini",
        "mtf_hint": "Cara menjawab : (Untuk PC/Desktop - Seret dan lepaskan jawaban di sisi kanan), (Untuk Mobile - Urutkan jawaban yang sesuai dengan urutan soal di sisi bawah (Click dan tahan kemudian urutkan jawaban)) ",
        "ord_hint": "Susun yang berikut ini secara berurutan dengan menyeret dan melepaskan item (Click dan tahan kemudian urutkan jawaban)",
        "fib_hint": "Isi kosong di kotak teks di bawah ini",
        "quiz_thanks": "Waktu habis! Terima kasih telah mengerjakan",
        "exam_thanks": "Waktu habis! Terima kasih telah mengerjakan",
        "Percentage": "Nilai Persentase",
        "Pass": "Lulus",
        "Passed": "Lulus",
        "Fail": "Gagal",
        "Failed": "Gagal",
        "Pass Percentage": "Persentase Lulus",
        "View Results": "Lihat Hasil",
        "Not Answered": "Belum Dijawab",
        "Solution": "Solusi",
        "Time Spent": "Waktu yang Dihabiskan",
        "Practice": "Latihan",
        "Go Back": "Kembali",
        "Search by Skill": "Cari Berdasarkan Topik",
        "Live Quizzes": "Live Quizzes",
        "View All": "Lihat Semua",
        "Details": "Detail",
        "Continue Practice": "Lanjutkan Latihan",
        "Resume Practice": "Lanjutkan Latihan",
        "Start Practice": "Mulai Latihan",
        "No Practice Sessions Found": "Tidak Ada Sesi Latihan Ditemukan",
        "You completed this practice set": "Anda telah menyelesaikan set latihan ini",
        "finish_points_message": "Selesaikan sesi untuk mentransfer poin ke dompet Anda.",
        "Analysis": "Analisis",
        "Completed": "Selesai",
        "Fixed Schedule Time": "Detail Ujian/Test (Fixed) :",
        "Timezone": "Zona Waktu",
        "Quiz Available Between": "Detail Quiz :",
        "Minutes": "Menit",
        "Marks": "Nilai",
        "Schedules": "Jadwal",
        "Found": "Ditemukan",
        "Free": "Gratis",
        "Login": "Masuk",
        "Login To Your Account": "Masuk ke Akun Anda",
        "Email": "Email",
        "Password": "Kata Sandi",
        "Forgot Password?": "Lupa Kata Sandi?",
        "Confirm Password": "Konfirmasi Kata Sandi",
        "Don’t Have An Account?": "Belum Punya Akun?",
        "Register": "Daftar",
        "Remember me": "Ingat saya",
        "Register New Account": "Daftar Akun Baru",
        "Already registered?": "Sudah terdaftar?",
        "User Name": "Nama Pengguna",
        "First Name": "Nama Depan",
        "Last Name": "Nama Belakang",
        "I agree to the": "Saya setuju dengan",
        "Terms of Service": "Syarat Layanan",
        "and": "dan",
        "Privacy Policy": "Kebijakan Privasi",
        "Dashboard": "Dasbor",
        "Exams": "Ujian",
        "Exam": "Ujian",
        "Enable Section Cutoff/Percentage": "Aktifkan Pembatas Sesi / Persentase",
        "Disable Section Navigation": "Nonaktifkan Navigasi pada Sesi",
        "Please choose a section to add/remove questions": "Silakan pilih Sesi untuk menambahkan/menghapus pertanyaan",
        "Exam Type": "Tipe Ujian",
        "Manage Tests": "Kelola Test",
        "Manage Learning": "Kelola Pembelajaran",
        "Lessons": "Pembelajaran",
        "Configure Lessons": "Setting Pembelajaran",
        "Add Lessons to Learning": "Tambahkan Pembelajaran",
        "Add/Remove Lessons": "Tambah/Hapus Pembelajaran",
        "Configure Videos": "Setting Video",
        "Add Videos to Learning": "Tambahkan Video untuk Pembelajaran",
        "Add/Remove Videos": "Tambah/Hapus Video",
        "Choose": "Pilih",
        "Lesson Bank": "Bank Pembelajaran",
        "Quizzes": "Quizzes",
        "Quiz": "Quiz",
        "Learn & Practice": "Belajar & Latihan",
        "My Progress": "Progress Saya",
        "Manage Account": "Kelola Akun",
        "Profile": "Profil",
        "Api Tokens": "Token API",
        "Logout": "Keluar",
        "admin": "admin",
        "Home Dashboard": "Dasbor Utama",
        "Tests": "Tes",
        "Test": "Tes",
        "Practice Sets": "Set Latihan",
        "Practice Set": "Set Latihan",
        "Question Bank": "Bank Soal",
        "Questions": "Soal",
        "Question": "Soal",
        "Import Questions": "Impor Soal",
        "Comprehensions": "Pemahaman Bacaan",
        "Comprehension": "Pemahaman Bacaan",
        "Passage Body": "Isi Bacaan / Paragraf",
        "Question Types": "Jenis Soal",
        "Question Type": "Jenis Soal",
        "Manage Users": "Kelola Pengguna",
        "Users": "Pengguna",
        "User": "Pengguna",
        "User Groups": "Grup Pengguna",
        "User Group": "Grup Pengguna",
        "Manage Categories": "Kelola Kategori",
        "Categories": "Kategori",
        "Sub Categories": "Subkategori",
        "Sub Category": "Subkategori",
        "Manage Subjects": "Kelola Mata Pelajaran",
        "Sections": "Mata Pelajaran",
        "Section": "Mata Pelajaran",
        "Skills": "Topik",
        "Skill": "Topik",
        "Topics": "Sub Topik",
        "Topics Name": "Nama Sub Topik",
        "Topic": "Sub Topik",
        "Topic Name": "Nama Sub Topik",
        "Settings": "Pengaturan",
        "Not Shown": "Tidak Ditampilkan",
        "Currently": "Saat Ini",
        "General Settings": "Pengaturan Umum",
        "Localization Settings": "Pengaturan Lokalisasi",
        "Home Page Settings": "Pengaturan Halaman Utama",
        "Email Settings": "Pengaturan Email",
        "Theme Settings": "Pengaturan Tema",
        "Font Settings": "Pengaturan Font",
        "Maintenance Settings": "Pengaturan Pemeliharaan",
        "File Manager": "Manajer File",
        "Total Users": "Total Pengguna",
        "Total Questions": "Total Soal",
        "Total Quizzes": "Total Kuis",
        "Total Practice Sets": "Total Set Latihan",
        "Quick Links": "Tautan Cepat",
        "New Quiz Schedule": "Buat Jadwal - Kuis",
        "Create New Quiz": "Buat Kuis Baru",
        "Create Practice Set": "Buat Set Latihan",
        "View Quizzes": "Lihat Kuis",
        "View Practice Sets": "Lihat Set Latihan",
        "Create New Question": "Buat Soal Baru",
        "Create New Comprehension": "Buat Pemahaman Bacaan Baru",
        "Create New Skill": "Buat Topik Baru",
        "Create New Topic": "Buat Baru",
        "Tags": "Tag",
        "Tag": "Tag",
        "Dark Mode": "Mode Gelap",
        "Menu": "Menu",
        "Code": "Kode",
        "Title": "Judul",
        "Category": "Kategori",
        "Short Description": "Deskripsi Singkat",
        "Type": "Tipe",
        "Role": "Peran",
        "Visibility": "Visibilitas",
        "Status": "Status",
        "Actions": "Aksi",
        "Search": "Cari",
        "New": "Buat Baru - ",
        "Create": "Buat",
        "Edit": "Edit",
        "Modify": "Ubah",
        "Delete": "Hapus",
        "View": "Lihat",
        "Save": "Simpan",
        "Saved": "Tersimpan",
        "Publish": "Terbitkan",
        "Published": "Diterbitkan",
        "Draft": "Draf",
        "Public": "Publik",
        "Private": "Pribadi",
        "Active": "Aktif",
        "In-active": "Tidak Aktif",
        "Total": "Total",
        "Choose Skill": "Pilih Topik",
        "Upload File": "Unggah File",
        "Download Sample Excel": "Unduh Excel Contoh",
        "Acceptable Code": "Kode yang Diterima",
        "Name": "Nama",
        "Map Sections": "Map Sections",
        "No results were found for this search": "Tidak ada hasil yang ditemukan untuk pencarian ini",
        "Start typing to search": "Mulai mengetik untuk mencari",
        "Body": "Isi",
        "Features": "Fitur",
        "Testimonials": "Testimonial",
        "Primary Color": "Warna Utama",
        "Secondary Color": "Warna Sekunder",
        "Email SMTP Configuration": "Konfigurasi SMTP Email",
        "Host Name": "Nama Host",
        "Port Number": "Nomor Port",
        "Encryption": "Enkripsi",
        "From Address": "Alamat Pengirim",
        "From Name": "Nama Pengirim",
        "Hero Settings": "Pengaturan Hero",
        "Hero Title": "Judul Hero",
        "Hero Subtitle": "Subjudul Hero",
        "Hero CTA Text": "Teks CTA Hero",
        "Hero Image": "Gambar Hero",
        "Select A New Image": "Pilih Gambar Baru",
        "Default Locale": "Lokasi Default",
        "Default Direction": "Arah Default",
        "Default Timezone": "Zona Waktu Default",
        "Site Settings": "Pengaturan Situs",
        "Site Name": "Nama Situs",
        "SEO Description": "Deskripsi SEO",
        "Enable User Registration": "Aktifkan Pendaftaran Pengguna",
        "Default Font Name": "Nama Font Default",
        "Default Font URL": "URL Font Default",
        "Enable": "Aktifkan",
        "Enabled": "Diaktifkan",
        "Disabled": "Dinonaktifkan",
        "Disable": "Nonaktifkan",
        "Tag Line": "Tagline",
        "Site Logo": "Logo Situs",
        "Site Favicon": "Favicon Situs"
      },
      "appVersion": "1.4.1",
      "exam": {
        "code": "exam_g8EILfPnoUh_AA46",
        "title": "ASTS - SENI BUDAYA",
        "slug": "asts-seni-budaya",
        "total_questions": 35,
        "settings": {
          "cutoff": 100,
          "auto_grading": false,
          "auto_duration": false,
          "hide_solutions": true,
          "list_questions": true,
          "no_of_attempts": 1,
          "show_leaderboard": false,
          "restrict_attempts": true,
          "shuffle_questions": true,
          "disable_finish_button": false,
          "enable_section_cutoff": false,
          "enable_negative_marking": false,
          "disable_section_navigation": false,
          "disable_question_navigation": false
        }
      },
      "session": {
        "id": 28292,
        "code": "e417e53f-130f-45a0-b0a9-7ba7d2d4f61f",
        "exam_id": 181,
        "user_id": 1594,
        "exam_schedule_id": null,
        "starts_at": "2025-03-13T05:26:49.000000Z",
        "ends_at": "2025-03-13T06:26:49.000000Z",
        "total_time_taken": 2128,
        "current_section": 0,
        "current_question": 34,
        "results": {
          "score": 85.8,
          "speed": 59,
          "cutoff": 100,
          "accuracy": 85.71,
          "ip_address": "172.71.124.217",
          "percentage": 85,
          "user_agent": "Mozilla/5.0 (Linux; Android 10; K) AppleWebKit/537.36 (KHTML, like Gecko) Chrome/133.0.0.0 Mobile Safari/537.36",
          "total_marks": 100.1,
          "marks_earned": 85.8,
          "pass_or_fail": "Failed",
          "marks_deducted": 0,
          "section_cutoff": false,
          "total_duration": 60,
          "total_questions": 35,
          "total_time_taken": {
            "seconds": 2128,
            "short_readable": "0:35:28",
            "detailed_readable": "35 Menit 28 Detik"
          },
          "answered_questions": 35,
          "time_taken_for_other": {
            "seconds": -100,
            "short_readable": "-1:-1:-40",
            "detailed_readable": "-40 Detik"
          },
          "unanswered_questions": 0,
          "section_cutoff_cleared": true,
          "time_taken_for_answered": {
            "seconds": 2228,
            "short_readable": "0:37:8",
            "detailed_readable": "37 Menit 8 Detik"
          },
          "wrong_answered_questions": 5,
          "correct_answered_questions": 30,
          "time_taken_for_wrong_answered": {
            "seconds": 223,
            "short_readable": "0:3:43",
            "detailed_readable": "3 Menit 43 Detik"
          },
          "time_taken_for_correct_answered": {
            "seconds": 2005,
            "short_readable": "0:33:25",
            "detailed_readable": "33 Menit 25 Detik"
          }
        },
        "status": "completed",
        "completed_at": "2025-03-13T07:04:54.000000Z",
        "created_at": "2025-03-13T05:26:49.000000Z",
        "updated_at": "2025-03-13T07:04:54.000000Z",
        "deleted_at": null,
        "sections": [
          {
            "id": 185,
            "name": "ASTS - SENI BUDAYA",
            "exam_id": 181,
            "section_id": 21,
            "total_questions": 35,
            "total_duration": 3600,
            "correct_marks": 2.86,
            "total_marks": 100.1,
            "negative_marking_type": "fixed",
            "negative_marks": null,
            "section_cutoff": null,
            "section_order": 1,
            "assign_examiner": false,
            "examiner_id": null,
            "examined": false,
            "examined_at": null,
            "approved": false,
            "approved_at": null,
            "approved_by": null,
            "created_at": "2025-02-21T03:28:05.000000Z",
            "updated_at": "2025-03-13T00:12:12.000000Z",
            "deleted_at": null,
            "pivot": {
              "exam_session_id": 28292,
              "exam_section_id": 185,
              "sno": 1,
              "name": "ASTS - SENI BUDAYA",
              "status": "visited",
              "section_id": 21,
              "starts_at": "2025-03-13 12:26:49",
              "ends_at": "2025-03-13 13:26:49",
              "total_time_taken": 2127,
              "current_question": 34,
              "results": "{\"score\": 85.8, \"speed\": 59, \"cutoff\": \"No\", \"accuracy\": 85.71, \"percentage\": 85.71, \"total_marks\": 100.1, \"marks_earned\": 85.8, \"pass_or_fail\": \"N/A\", \"marks_deducted\": 0, \"total_duration\": 60, \"total_questions\": 35, \"total_time_taken\": {\"seconds\": 2127, \"short_readable\": \"0:35:27\", \"detailed_readable\": \"35 Menit 27 Detik\"}, \"answered_questions\": 35, \"time_taken_for_other\": {\"seconds\": -101, \"short_readable\": \"-1:-1:-41\", \"detailed_readable\": \"-41 Detik\"}, \"unanswered_questions\": 0, \"time_taken_for_answered\": {\"seconds\": 2228, \"short_readable\": \"0:37:8\", \"detailed_readable\": \"37 Menit 8 Detik\"}, \"wrong_answered_questions\": 5, \"correct_answered_questions\": 30, \"time_taken_for_wrong_answered\": {\"seconds\": 223, \"short_readable\": \"0:3:43\", \"detailed_readable\": \"3 Menit 43 Detik\"}, \"time_taken_for_correct_answered\": {\"seconds\": 2005, \"short_readable\": \"0:33:25\", \"detailed_readable\": \"33 Menit 25 Detik\"}}"
            }
          }
        ],
        "remainingTime": 3584
      },
      "examSections": [
        {
          "id": 185,
          "sno": 1,
          "name": "ASTS - SENI BUDAYA",
          "section_id": 21,
          "current_question": 0,
          "total_questions": 35,
          "total_time_taken": 0,
          "status": "started",
          "remainingTime": 3584
        }
      ],
      "questions": [
        {
          "id": 55001,
          "code": "que_MEbEbnd8wxL_ADMIN",
          "question_type_id": 1,
          "question": "<p>dalam penulisan nitasi balok harus diawali dengan sebuah simbol kunci, simbol KUNCI G. yang dimaksud kunci G adalah ...</p>\n",
          "options": [
            {
              "option": "<p><img alt=\"\" src=\"https://sman16sby.connecting.my.id/migration/5217/440458-bass-clef.gif?time=1678408954572\" style=\"width: 108px; height: 135px;\" /></p>\n",
              "partial_weightage": 0
            },
            {
              "option": "<p><img alt=\"\" src=\"https://sman16sby.connecting.my.id/migration/5217/satuketuk.png?time=1678408973512\" style=\"width: 167px; height: 301px;\" /></p>\n",
              "partial_weightage": 0
            },
            {
              "option": "<p><img alt=\"\" src=\"https://sman16sby.connecting.my.id/migration/5217/KUNCI_G.jpg?time=1678408990451\" style=\"width: 500px; height: 500px;\" /></p>\n",
              "partial_weightage": 0
            },
            {
              "option": "<p><img alt=\"\" src=\"https://sman16sby.connecting.my.id/migration/5217/istiraht_2_ketuk.png?time=1678409004445\" style=\"width: 225px; height: 225px;\" /></p>\n",
              "partial_weightage": 0
            },
            {
              "option": "<p><img alt=\"\" src=\"https://sman16sby.connecting.my.id/migration/5217/Gambar_Clef_C_PNG.png?time=1678409175882\" style=\"width: 190px; height: 250px;\" /></p>\n",
              "partial_weightage": 0
            }
          ],
          "correct_answer": "3",
          "default_marks": 1,
          "default_time": 1,
          "skill_id": 131,
          "topic_id": null,
          "difficulty_level_id": 2,
          "preferences": null,
          "has_attachment": false,
          "attachment_type": null,
          "comprehension_passage_id": null,
          "attachment_options": null,
          "solution": null,
          "solution_video": null,
          "hint": "Putri Pertiwi Ayuariani, M.Pd",
          "avg_time_taken": 0,
          "total_attempts": 0,
          "is_active": true,
          "created_at": "2025-02-03T10:16:05.000000Z",
          "updated_at": "2025-02-03T10:16:05.000000Z",
          "deleted_at": null,
          "created_by": 47,
          "pivot": {
            "exam_session_id": 28292,
            "question_id": 55001,
            "status": "answered",
            "exam_section_id": 185,
            "original_question": "<p>dalam penulisan nitasi balok harus diawali dengan sebuah simbol kunci, simbol KUNCI G. yang dimaksud kunci G adalah ...</p>\n",
            "options": "a:5:{i:0;s:155:\"<p><img alt=\\\"\\\" src=\\\"https://sman16sby.connecting.my.id/migration/5217/440458-bass-clef.gif?time=1678408954572\\\" style=\\\"width: 108px; height: 135px;\\\" /><\\/p>\n\";i:1;s:148:\"<p><img alt=\\\"\\\" src=\\\"https://sman16sby.connecting.my.id/migration/5217/satuketuk.png?time=1678408973512\\\" style=\\\"width: 167px; height: 301px;\\\" /><\\/p>\n\";i:2;s:146:\"<p><img alt=\\\"\\\" src=\\\"https://sman16sby.connecting.my.id/migration/5217/KUNCI_G.jpg?time=1678408990451\\\" style=\\\"width: 500px; height: 500px;\\\" /><\\/p>\n\";i:3;s:155:\"<p><img alt=\\\"\\\" src=\\\"https://sman16sby.connecting.my.id/migration/5217/istiraht_2_ketuk.png?time=1678409004445\\\" style=\\\"width: 225px; height: 225px;\\\" /><\\/p>\n\";i:4;s:156:\"<p><img alt=\\\"\\\" src=\\\"https://sman16sby.connecting.my.id/migration/5217/Gambar_Clef_C_PNG.png?time=1678409175882\\\" style=\\\"width: 190px; height: 250px;\\\" /><\\/p>\n\";}",
            "is_correct": 1,
            "time_taken": 9,
            "user_answer": "i:3;",
            "correct_answer": "s:1:\"3\";",
            "marks_earned": 2.86,
            "marks_deducted": 0
          }
        }
       
      ],
      "url": "/exam/asts-seni-budaya/e17edeea-8445-4af3-b6b4-75683928e6c0",
      "version": "4070ace4b1d82351a36f9b2ff0e0fd67"
    }
  }
  